{
  "Brazilian Portuguese": "Brazilian Portuguese",
  "Danish": "Danish",
  "Dutch": "Dutch",
  "English": "English",
  "English_Australian": "Australian English",
  "English_CA": "Canadian English",
  "English_UK": "UK English",
  "Finnish": "Finnish",
  "French": "French",
  "French_CA": "Canadian French",
  "German": "German",
  "Greek": "Greek",
  "Indonesian": "Indonesian",
  "Italian": "Italian",
  "Japanese": "Japanese",
  "Korean": "Korean",
  "Malay": "Malay",
  "Norwegian": "Norwegian",
  "Portuguese": "Portuguese",
  "Russian": "Russian",
  "Simplified Chinese": "Simplified Chinese",
  "Spanish": "Spanish",
  "Spanish_MX": "Mexican Spanish",
  "Swedish": "Swedish",
  "Thai": "Thai",
  "Traditional Chinese": "Traditional Chinese",
  "Turkish": "Turkish",
  "Vietnamese": "Vietnamese"
}